<?xml version="1.0" ?>
<TEST_SUITE>
	<MODULE> Features_wifi_router </MODULE>
	<TEST_SEQ_NUM_TRIES> 1 </TEST_SEQ_NUM_TRIES>
	<TEST_SEQ_GRP>
		<TEST_SEQ>
			<NORMAL_METHODS>
				<METHOD execute_once="True" name="startService">
					<LIST_PARAM name="cmds">
						<VALUE> sudo python2.7 /opt/ProxyServer/twisted_proxy.py eth1.211 8081
						</VALUE>
						<VALUE> sudo python2.7 /opt/ProxyServer/twisted_proxy.py eth1.212 8082
						</VALUE>
						<VALUE> sudo python2.7 /opt/ProxyServer/twisted_proxy.py eth1.213 8083
						</VALUE>
						<VALUE> sudo python2.7 /opt/ProxyServer/twisted_proxy.py eth1.214 8084
						</VALUE>
						<VALUE> sudo python2.7 /opt/ProxyServer/twisted_proxy.py eth1.215 8085
						</VALUE>
						<VALUE> sudo python2.7 /opt/ProxyServer/twisted_proxy.py eth1.216 8086
						</VALUE>
						<VALUE> sudo python2.7 /opt/ProxyServer/twisted_proxy.py eth1.217 8087
						</VALUE>
						<VALUE> sudo python2.7 /opt/ProxyServer/twisted_proxy.py eth1.218 8088
						</VALUE>
						<VALUE> sudo python2.7 /opt/ProxyServer/twisted_proxy.py eth1.219 8089
						</VALUE>
						<VALUE> sudo python2.7 /opt/ProxyServer/twisted_proxy.py eth1.220 8090
						</VALUE>
					</LIST_PARAM>
					<LIST_PARAM name="envs">
						<VALUE> PYTHONPATH =
							/usr/lib64/python2.7:/usr/lib64/python2.7/lib:/usr/lib64/python2.7/site-packages
						</VALUE>
						<VALUE> PYTHONPATH =
							/usr/lib64/python2.7:/usr/lib64/python2.7/lib:/usr/lib64/python2.7/site-packages
						</VALUE>
						<VALUE> PYTHONPATH =
							/usr/lib64/python2.7:/usr/lib64/python2.7/lib:/usr/lib64/python2.7/site-packages
						</VALUE>
						<VALUE> PYTHONPATH =
							/usr/lib64/python2.7:/usr/lib64/python2.7/lib:/usr/lib64/python2.7/site-packages
						</VALUE>
						<VALUE> PYTHONPATH =
							/usr/lib64/python2.7:/usr/lib64/python2.7/lib:/usr/lib64/python2.7/site-packages
						</VALUE>
						<VALUE> PYTHONPATH =
							/usr/lib64/python2.7:/usr/lib64/python2.7/lib:/usr/lib64/python2.7/site-packages
						</VALUE>
						<VALUE> PYTHONPATH =
							/usr/lib64/python2.7:/usr/lib64/python2.7/lib:/usr/lib64/python2.7/site-packages
						</VALUE>
						<VALUE> PYTHONPATH =
							/usr/lib64/python2.7:/usr/lib64/python2.7/lib:/usr/lib64/python2.7/site-packages
						</VALUE>
						<VALUE> PYTHONPATH =
							/usr/lib64/python2.7:/usr/lib64/python2.7/lib:/usr/lib64/python2.7/site-packages
						</VALUE>
						<VALUE> PYTHONPATH =
							/usr/lib64/python2.7:/usr/lib64/python2.7/lib:/usr/lib64/python2.7/site-packages
						</VALUE>
					</LIST_PARAM>
				</METHOD>
				<METHOD execute_once="True" name="switchOffPorts_TBSwitch">
					<LIST_PARAM name="ports">
						<VALUE> 3 </VALUE>
					</LIST_PARAM>
					<LIST_PARAM name="addrs">
						<VALUE> 192.168.2.102 </VALUE>
					</LIST_PARAM>
				</METHOD>
				<METHOD execute_once="True" name="switchOnPorts_TBSwitch">
					<LIST_PARAM name="ports">
						<VALUE> 2 </VALUE>
					</LIST_PARAM>
					<LIST_PARAM name="addrs">
						<VALUE> 192.168.2.102 </VALUE>
					</LIST_PARAM>
				</METHOD>
				<METHOD execute_once="True" name="config_TBSwitch">
					<PARAM name="conf_script_file"> ITS3_TESTBED_SW_CNFG_CABLE_2 </PARAM>
					<LIST_PARAM name="addrs">
						<VALUE> 192.168.2.103 </VALUE>
						<VALUE> 169.254.100.100 </VALUE>
					</LIST_PARAM>
				</METHOD>
				<METHOD execute_once="True" name="switchOffPorts_TBSwitch">
					<LIST_PARAM name="ports">
						<VALUE> 2 </VALUE>
					</LIST_PARAM>
					<LIST_PARAM name="addrs">
						<VALUE> 192.168.2.102 </VALUE>
					</LIST_PARAM>
				</METHOD>
				<METHOD execute_once="True" name="switchOnPorts_TBSwitch">
					<LIST_PARAM name="ports">
						<VALUE> 3 </VALUE>
					</LIST_PARAM>
					<LIST_PARAM name="addrs">
						<VALUE> 192.168.2.102 </VALUE>
					</LIST_PARAM>
				</METHOD>
				<METHOD execute_once="True" name="pauseTestSequence">
					<PARAM name="msg"> switch on TB switch port </PARAM>
					<PARAM name="pause_time"> 5 </PARAM>
				</METHOD>
				<METHOD execute_once="True" name="config_TBSwitch">
					<PARAM name="conf_script_file"> ITS3_TESTBED_SW_CNFG_CABLE_3 </PARAM>
					<LIST_PARAM name="addrs">
						<VALUE> 192.168.2.104 </VALUE>
						<VALUE> 169.254.100.100 </VALUE>
					</LIST_PARAM>
				</METHOD>
				<METHOD execute_once="True" name="config_TBSwitch">
					<PARAM name="conf_script_file"> ITS3_TESTBED_SW_CNFG_CABLE_1 </PARAM>
					<LIST_PARAM name="addrs">
						<VALUE> 192.168.2.102 </VALUE>
					</LIST_PARAM>
				</METHOD>
				<METHOD execute_once="True" name="switchOnPorts_TBSwitch">
					<LIST_PARAM name="ports">
						<VALUE> 2 </VALUE>
					</LIST_PARAM>
					<LIST_PARAM name="addrs">
						<VALUE> 192.168.2.102 </VALUE>
					</LIST_PARAM>
				</METHOD>
				<METHOD name="initSkuMgmt" />
				<METHOD execute_once="True" name="switchOffReferenceDevices" />
				<METHOD execute_once="True" name="switchOnReferenceDevices" />
				<METHOD execute_once="True" name="pauseTestSequence">
					<PARAM name="msg"> WiFi Client boot </PARAM>
					<PARAM name="pause_time"> 40 </PARAM>
				</METHOD>

				<METHOD execute_once_tb="True" name="sendCmdsToWifiClient">
					<LIST_PARAM name="cmds">
						<VALUE> nvram set wl1_bandlist="ab" </VALUE>
						<VALUE> nvram set wl0_mode="sta" </VALUE>
						<VALUE> nvram set auth_time=442769 </VALUE>
						<VALUE> nvram set wl_mode="sta" </VALUE>
						<VALUE> nvram set wl1_mode="sta" </VALUE>
						<VALUE> nvram set eth1_bridged=0 </VALUE>
						<VALUE> nvram set eth2_bridged=0 </VALUE>
						<!--<VALUE> nvram set wanup=0 </VALUE>
						<VALUE> nvram set wl0_akm=disabled </VALUE>
						<VALUE> nvram set wl1_akm=disabled </VALUE>-->
						<VALUE> nvram commit </VALUE>
						<VALUE> reboot </VALUE>
					</LIST_PARAM>
					<PARAM name="num_tries"> 2 </PARAM>
				</METHOD>

				<METHOD name="switchOffDut" />
				<METHOD name="pauseTestSequence">
					<PARAM name="msg"> DUT off </PARAM>
					<PARAM name="pause_time"> 4 </PARAM>
				</METHOD>
				<METHOD name="switchOnDut">
					<PARAM name="ping"> False </PARAM>
					<PARAM name="bootup_time"> 30 </PARAM>
				</METHOD>
			</NORMAL_METHODS>
		</TEST_SEQ>
		<TEST_SEQ>
                        <TEST_SEQ_TRIES>2</TEST_SEQ_TRIES>
			<NORMAL_METHODS>
				<METHOD name="cmFtpDownstreamTest">
					<PARAM name="threshold"> 1000 </PARAM>
					<PARAM name="ping_tries"> 120 </PARAM>
                    <PARAM name="ping_timeout"> 1 </PARAM>
				</METHOD>
			</NORMAL_METHODS>
			    <RECOVERY_METHODS>
				<METHOD name="switchOffDut">
				</METHOD>

				<METHOD name="pauseTestSequence">
					<PARAM name="msg"> Turn off DUT </PARAM>
					<PARAM name="pause_time"> 3 </PARAM>
				</METHOD>

				<METHOD name="switchOnDut">
				    <PARAM name="ping">False</PARAM>
				    <PARAM name="bootup_time">1</PARAM>
				</METHOD>
			    </RECOVERY_METHODS>
		</TEST_SEQ>


		<!--
		<TEST_SEQ>
			<NORMAL_METHODS>
				<METHOD name="snDuplicateTest">
					<PARAM name="num_tries"> 3 </PARAM>
				</METHOD>
			</NORMAL_METHODS>
		</TEST_SEQ>
		<TEST_SEQ>
			<NORMAL_METHODS>
				<METHOD name="macDuplicateTest">
					<PARAM name="num_tries"> 3 </PARAM>
				</METHOD>
			</NORMAL_METHODS>
		</TEST_SEQ>
-->
		<TEST_SEQ>
                        <TEST_SEQ_TRIES>2</TEST_SEQ_TRIES>
			<NORMAL_METHODS>
				<METHOD name="lanTest">
					<PARAM name="lan_port_index"> 0 </PARAM>
					<PARAM name="num_tries"> 10 </PARAM>
				</METHOD>
			</NORMAL_METHODS>
			<RECOVERY_METHODS>
				<METHOD name="switchOffDut">
				</METHOD>

				<METHOD name="pauseTestSequence">
					<PARAM name="msg"> Turn off DUT </PARAM>
					<PARAM name="pause_time"> 3 </PARAM>
				</METHOD>

				<METHOD name="switchOnDut">
				    <PARAM name="ping">False</PARAM>
				    <PARAM name="bootup_time">30</PARAM>
				</METHOD>
			</RECOVERY_METHODS>
		</TEST_SEQ>
		<TEST_SEQ>
                        <TEST_SEQ_TRIES>2</TEST_SEQ_TRIES>
			<NORMAL_METHODS>
				<METHOD name="lanTest">
					<PARAM name="lan_port_index"> 1 </PARAM>
					<PARAM name="num_tries"> 10 </PARAM>
				</METHOD>
			</NORMAL_METHODS>
			<RECOVERY_METHODS>
				<METHOD name="switchOffDut">
				</METHOD>

				<METHOD name="pauseTestSequence">
					<PARAM name="msg"> Turn off DUT </PARAM>
					<PARAM name="pause_time"> 3 </PARAM>
				</METHOD>

				<METHOD name="switchOnDut">
				    <PARAM name="ping">False</PARAM>
				    <PARAM name="bootup_time">30</PARAM>
				</METHOD>
			</RECOVERY_METHODS>
		</TEST_SEQ>
		<TEST_SEQ>
                        <TEST_SEQ_TRIES>2</TEST_SEQ_TRIES>
			<NORMAL_METHODS>
				<METHOD name="lanTest">
					<PARAM name="lan_port_index"> 2 </PARAM>
					<PARAM name="num_tries"> 10 </PARAM>
				</METHOD>
			</NORMAL_METHODS>
			<RECOVERY_METHODS>
				<METHOD name="switchOffDut">
				</METHOD>

				<METHOD name="pauseTestSequence">
					<PARAM name="msg"> Turn off DUT </PARAM>
					<PARAM name="pause_time"> 3 </PARAM>
				</METHOD>

				<METHOD name="switchOnDut">
				    <PARAM name="ping">False</PARAM>
				    <PARAM name="bootup_time">30</PARAM>
				</METHOD>
			</RECOVERY_METHODS>
		</TEST_SEQ>
		<TEST_SEQ>
                        <TEST_SEQ_TRIES>2</TEST_SEQ_TRIES>
			<NORMAL_METHODS>
				<METHOD name="lanTest">
					<PARAM name="lan_port_index"> 3 </PARAM>
					<PARAM name="turn_off_lan_port"> False </PARAM>
					<PARAM name="num_tries"> 10 </PARAM>
				</METHOD>
			</NORMAL_METHODS>
			<RECOVERY_METHODS>
				<METHOD name="switchOffDut">
				</METHOD>

				<METHOD name="pauseTestSequence">
					<PARAM name="msg"> Turn off DUT </PARAM>
					<PARAM name="pause_time"> 3 </PARAM>
				</METHOD>

				<METHOD name="switchOnDut">
				    <PARAM name="ping">False</PARAM>
				    <PARAM name="bootup_time">30</PARAM>
				</METHOD>
			</RECOVERY_METHODS>
		</TEST_SEQ>
		<TEST_SEQ>
			<NORMAL_METHODS>
				<METHOD name="initSkuAccessIntf">
					<PARAM name="access_type"> webgui </PARAM>
					<PARAM name="timeout"> 20 </PARAM>
					<PARAM name="num_tries"> 3 </PARAM>
				</METHOD>
				<METHOD name="bypassForceChangePassword">
					<PARAM name="access_type"> webgui </PARAM>
					<PARAM name="force_change_password_page"> SetupWizard_SetPassword.asp </PARAM>
					<LIST_PARAM name="new_passord_selector">
						<VALUE> By.CSS_SELECTOR </VALUE>
						<VALUE> input[name='GeniePassword'] </VALUE>
					</LIST_PARAM>
					<LIST_PARAM name="confirm_new_passord_selector">
						<VALUE> By.CSS_SELECTOR </VALUE>
						<VALUE> input[name='GeniePasswordReEnter'] </VALUE>
					</LIST_PARAM>
					<LIST_PARAM name="question_one_selector">
						<VALUE> By.CSS_SELECTOR </VALUE>
						<VALUE> select[name='geniequestion1'] </VALUE>
					</LIST_PARAM>
					<LIST_PARAM name="question_one_value">
						<VALUE> what was </VALUE>
					</LIST_PARAM>
					<LIST_PARAM name="question_two_selector">
						<VALUE> By.CSS_SELECTOR </VALUE>
						<VALUE> select[name='geniequestion2'] </VALUE>
					</LIST_PARAM>
					<LIST_PARAM name="question_two_value">
						<VALUE> what is </VALUE>
					</LIST_PARAM>
					<LIST_PARAM name="answer_one_selector">
						<VALUE> By.CSS_SELECTOR </VALUE>
						<VALUE> input[name='genieanswer1'] </VALUE>
					</LIST_PARAM>
					<LIST_PARAM name="answer_one_value">
						<VALUE> netgear </VALUE>
					</LIST_PARAM>
					<LIST_PARAM name="answer_two_selector">
						<VALUE> By.CSS_SELECTOR </VALUE>
						<VALUE> input[name='genieanswer2'] </VALUE>
					</LIST_PARAM>
					<LIST_PARAM name="answer_two_value">
						<VALUE> netgear </VALUE>
					</LIST_PARAM>
					<LIST_PARAM name="apply_btn_selector">
						<VALUE> By.CSS_SELECTOR </VALUE>
						<VALUE> button[type='submit'][class='purpleBtn2'] </VALUE>
					</LIST_PARAM>
					<PARAM name="num_tries"> 3 </PARAM>
				</METHOD>
			</NORMAL_METHODS>
		</TEST_SEQ>
		<TEST_SEQ>
			<NORMAL_METHODS>
				<METHOD name="skuIntfAccessTest">
					<PARAM name="access_type"> webgui </PARAM>
					<LIST_PARAM name="webpages">
						<VALUE> currentsetting.htm </VALUE>
					</LIST_PARAM>
					<LIST_PARAM name="patterns">
						<VALUE> Firmware=[\s=]*([a-zA-Z0-9._-]+) </VALUE>
					</LIST_PARAM>
					<PARAM name="num_tries"> 3 </PARAM>
				</METHOD>
			</NORMAL_METHODS>
		</TEST_SEQ>
		<TEST_SEQ>
			<NORMAL_METHODS>
				<METHOD name="macTest">
					<PARAM name="num_tries"> 3 </PARAM>
				</METHOD>
			</NORMAL_METHODS>
		</TEST_SEQ>

		<TEST_SEQ>
			<NORMAL_METHODS>
				<METHOD name="cmFtpUpstreamTest">
					<PARAM name="threshold"> 1000 </PARAM>
					<PARAM name="ping_tries"> 15 </PARAM>
				</METHOD>
			</NORMAL_METHODS>
		</TEST_SEQ>
		<TEST_SEQ>
			<NORMAL_METHODS>
				<METHOD name="setWirelessConfiguration">
					<PARAM name="access_type"> webgui </PARAM>
					<PARAM name="wireless_setting_page"> WirelessSettings.asp </PARAM>
					<LIST_PARAM name="ssid_24g_selector">
						<VALUE> By.CSS_SELECTOR </VALUE>
						<VALUE> input[type='text'][name='ssid'] </VALUE>
					</LIST_PARAM>
					<LIST_PARAM name="wifi_key_24g_selector">
						<VALUE> By.CSS_SELECTOR </VALUE>
						<VALUE> input[type='text'][name='passphrase'] </VALUE>
					</LIST_PARAM>
					<LIST_PARAM name="ssid_5g_selector">
						<VALUE> By.CSS_SELECTOR </VALUE>
						<VALUE> input[type='text'][name='ssid_an'] </VALUE>
					</LIST_PARAM>
					<LIST_PARAM name="wifi_key_5g_selector">
						<VALUE> By.CSS_SELECTOR </VALUE>
						<VALUE> input[type='text'][name='passphrase_an'] </VALUE>
					</LIST_PARAM>
					<LIST_PARAM name="apply_btn_selector">
						<VALUE> By.CSS_SELECTOR </VALUE>
						<VALUE> button[type='SUBMIT'][id='apply'] </VALUE>
					</LIST_PARAM>
					<PARAM name="num_tries"> 10 </PARAM>
				</METHOD>
			</NORMAL_METHODS>
		</TEST_SEQ>
		<TEST_SEQ>
			<NORMAL_METHODS>
				<METHOD name="wireless24GTest">
					<PARAM name="access_type"> webgui </PARAM>
					<LIST_PARAM name="wireless_setting_pages">
						<VALUE> WirelessSettings.asp </VALUE>
					</LIST_PARAM>
					<LIST_PARAM name="ssid_24g_paterns">
						<VALUE>
							tagValueList.*\'[\w\d]+\|[\w\d]+\|[\w\d]+\|([a-zA-Z0-9._-]+)\|[\w\d]+\|[\w\d]+\|WPA2-PSK\|.*
						</VALUE>
					</LIST_PARAM>
					<LIST_PARAM name="wifi_key_paterns">
						<VALUE> \|WPA2-PSK\|([a-zA-Z0-9._-/+]+)\| </VALUE>
					</LIST_PARAM>
					<PARAM name="num_tries"> 10 </PARAM>
				</METHOD>
			</NORMAL_METHODS>
		</TEST_SEQ>
		<TEST_SEQ>
			<NORMAL_METHODS>
				<METHOD name="wireless5GTest">
					<PARAM name="access_type"> webgui </PARAM>
					<LIST_PARAM name="wireless_setting_pages">
						<VALUE> WirelessSettings.asp </VALUE>
					</LIST_PARAM>
					<LIST_PARAM name="ssid_24g_paterns">
						<VALUE>
							tagValueList.*\'[\w\d]+\|[\w\d]+\|[\w\d]+\|([a-zA-Z0-9._-]+)\|[\w\d]+\|[\w\d]+\|WPA2-PSK\|.*
						</VALUE>
					</LIST_PARAM>
					<LIST_PARAM name="wifi_key_paterns">
						<VALUE> \|WPA2-PSK\|([a-zA-Z0-9._-/+]+)\| </VALUE>
					</LIST_PARAM>
					<PARAM name="num_tries"> 20 </PARAM>
				</METHOD>
			</NORMAL_METHODS>
		</TEST_SEQ>
		<TEST_SEQ>
			<NORMAL_METHODS>
				<METHOD name="usbTest">
					<PARAM name="access_type"> webgui </PARAM>
					<LIST_PARAM name="webpages">
						<VALUE> USBAdv.asp </VALUE>
					</LIST_PARAM>
					<PARAM name="num_tries"> 5 </PARAM>
                                        <PARAM name="wait_time"> 5 </PARAM>
				</METHOD>
			</NORMAL_METHODS>
		</TEST_SEQ>
		<TEST_SEQ>
			<NORMAL_METHODS>
				<METHOD name="factoryReset">
                                        <PARAM name="access_type">webgui</PARAM>
					<PARAM name="num_tries"> 3 </PARAM>
					<LIST_PARAM name="web_actions_1">
						<VALUE>web_page:=BackupSettings.asp</VALUE>
						<VALUE>(By.XPATH, "//button[@value='Erase']"):=None</VALUE>
						<VALUE>wait_time:=5</VALUE>
						<VALUE>(By.XPATH, "//button[@type='submit']"):=None</VALUE>
						<VALUE>wait_time:=30</VALUE>
					</LIST_PARAM>
                                </METHOD>
			</NORMAL_METHODS>
		</TEST_SEQ>
		<TEST_SEQ cleanup="True">
			<NORMAL_METHODS>
				<METHOD name="switchOffDut" />
			</NORMAL_METHODS>
		</TEST_SEQ>
	</TEST_SEQ_GRP>
	<ACTION_ON_QUIT>
		<METHOD name="switchOffAllDuts" />
		<METHOD name="switchOffReferenceDevices" />
	</ACTION_ON_QUIT>
</TEST_SUITE>
