<?xml version="1.0" encoding="UTF-8"?>
<TEST_CONFIG>
	<L2_SWITCH>
		<IP_ADDR> 192.168.2.102 </IP_ADDR>
		<LAN_PORT_GRP> 
			<PORT>31</PORT> 
			<PORT>32</PORT>
			<PORT>33</PORT>
			<PORT>34</PORT>
		</LAN_PORT_GRP>
		<WIFI_CLIENT_PORT>21</WIFI_CLIENT_PORT> 
		<WAN_PORT>11</WAN_PORT> 
	</L2_SWITCH>

	<POWERRELAY>
		<IP_ADDR> 192.168.2.112 </IP_ADDR>
		<PORT_GRP>
			<DUT_PORT> 1 </DUT_PORT>
		</PORT_GRP>
	</POWERRELAY>

	<RESOURCE_LOCK>1</RESOURCE_LOCK>
	<!-- Testbed process lock: 1, 2,...,10  -->
	<DUT>
		<INF_IP_ADDR> 192.168.0.211 </INF_IP_ADDR>
		<DUT_DATA_INF> eth1.211 </DUT_DATA_INF>
		<DUT_MGMT_INF> eth1.211 </DUT_MGMT_INF>
	</DUT>

	<!-- WN ITEMS -->
	<WIFI_CLIENT>
		<WIFI_CLIENT_IP_ADDR> 192.168.4.211 </WIFI_CLIENT_IP_ADDR>
		<WIFI_CLIENT_INTF_ADDR> 192.168.4.110 </WIFI_CLIENT_INTF_ADDR>
	</WIFI_CLIENT>


	<DSL_LN_SIMULATOR>
		<DSL_LN_NUM>1</DSL_LN_NUM>		
	</DSL_LN_SIMULATOR>

</TEST_CONFIG>
