<?xml version="1.0" encoding="UTF-8"?>
<TEST_CONFIG>
	<L2_SWITCH>
		<IP_ADDR> 192.168.2.103 </IP_ADDR>
		<LAN_PORT_GRP> 
			<PORT>11</PORT> 
			<PORT>12</PORT>
			<PORT>13</PORT>
			<PORT>14</PORT>
		</LAN_PORT_GRP>
		<WIFI_CLIENT_PORT>23</WIFI_CLIENT_PORT> 
		<WAN_PORT>7</WAN_PORT> 
	</L2_SWITCH>

	<POWERRELAY>
		<IP_ADDR> 192.168.2.113 </IP_ADDR>
		<PORT_GRP>
			<DUT_PORT> 3 </DUT_PORT>
		</PORT_GRP>
	</POWERRELAY>

	<RESOURCE_LOCK>3</RESOURCE_LOCK>
	<!-- Testbed process lock: 1, 2,...,10  -->
	<DUT>
		<INF_IP_ADDR> 192.168.0.213 </INF_IP_ADDR>
		<DUT_DATA_INF> eth1.213 </DUT_DATA_INF>
		<DUT_MGMT_INF> eth1.213 </DUT_MGMT_INF>
	</DUT>

	<!-- WN ITEMS -->
	<WIFI_CLIENT>
		<WIFI_CLIENT_IP_ADDR> 192.168.4.213 </WIFI_CLIENT_IP_ADDR>
		<WIFI_CLIENT_INTF_ADDR> 192.168.4.110 </WIFI_CLIENT_INTF_ADDR>
	</WIFI_CLIENT>

	<DSL_LN_SIMULATOR>
		<DSL_LN_NUM>3</DSL_LN_NUM>		
	</DSL_LN_SIMULATOR>

</TEST_CONFIG>
