<?xml version="1.0" encoding="UTF-8"?>
<TEST_CONFIG>
	<L2_SWITCH>
		<IP_ADDR> 192.168.2.103 </IP_ADDR>
		<LAN_PORT_GRP> 
			<PORT>41</PORT> 
			<PORT>42</PORT>
			<PORT>43</PORT> 
			<PORT>44</PORT>
		</LAN_PORT_GRP>
		<WIFI_CLIENT_PORT>26</WIFI_CLIENT_PORT> 
		<WAN_PORT>10</WAN_PORT> 
	</L2_SWITCH>

	<POWERRELAY>
		<IP_ADDR> 192.168.2.113 </IP_ADDR>
		<PORT_GRP>
			<DUT_PORT> 6 </DUT_PORT>
		</PORT_GRP>
	</POWERRELAY>

	<RESOURCE_LOCK>6</RESOURCE_LOCK>
	<!-- Testbed process lock: 1, 2,...,10  -->
	<DUT>
		<INF_IP_ADDR> 192.168.0.216 </INF_IP_ADDR>
		<DUT_DATA_INF> eth1.216 </DUT_DATA_INF>
		<DUT_MGMT_INF> eth1.216 </DUT_MGMT_INF>
	</DUT>

	<!-- WN ITEMS -->
	<WIFI_CLIENT>
		<WIFI_CLIENT_IP_ADDR> 192.168.4.216 </WIFI_CLIENT_IP_ADDR>
		<WIFI_CLIENT_INTF_ADDR> 192.168.4.110 </WIFI_CLIENT_INTF_ADDR>
	</WIFI_CLIENT>



	<DSL_LN_SIMULATOR>
		<DSL_LN_NUM>6</DSL_LN_NUM>		
	</DSL_LN_SIMULATOR>

</TEST_CONFIG>
