<?xml version="1.0" encoding="UTF-8"?>
<TEST_CONFIG>
	<L2_SWITCH>
		<IP_ADDR> 192.168.2.104 </IP_ADDR>
		<LAN_PORT_GRP> 
			<PORT>21</PORT> 
			<PORT>22</PORT>
			<PORT>23</PORT> 
			<PORT>24</PORT>
		</LAN_PORT_GRP>
		<WIFI_CLIENT_PORT>28</WIFI_CLIENT_PORT> 
		<WAN_PORT>8</WAN_PORT> 
	</L2_SWITCH>

	<POWERRELAY>
		<IP_ADDR> 192.168.2.113 </IP_ADDR>
		<PORT_GRP>
			<DUT_PORT> 8 </DUT_PORT>
		</PORT_GRP>
	</POWERRELAY>

	<RESOURCE_LOCK>8</RESOURCE_LOCK>
	<!-- Testbed process lock: 1, 2,...,10  -->
	<DUT>
		<INF_IP_ADDR> 192.168.0.218 </INF_IP_ADDR>
		<DUT_DATA_INF> eth1.218 </DUT_DATA_INF>
		<DUT_MGMT_INF> eth1.218 </DUT_MGMT_INF>
	</DUT>

	<!-- WN ITEMS -->
	<WIFI_CLIENT>
		<WIFI_CLIENT_IP_ADDR> 192.168.4.218 </WIFI_CLIENT_IP_ADDR>
		<WIFI_CLIENT_INTF_ADDR> 192.168.4.110 </WIFI_CLIENT_INTF_ADDR>
	</WIFI_CLIENT>



	<DSL_LN_SIMULATOR>
		<DSL_LN_NUM>8</DSL_LN_NUM>		
	</DSL_LN_SIMULATOR>

</TEST_CONFIG>
