<?xml version="1.0" encoding="UTF-8"?>
<TEST_CONFIG>
	<L2_SWITCH>
		<IP_ADDR> 192.168.2.102 </IP_ADDR>
	</L2_SWITCH>

	<POWERRELAYS>
		<DUT_POWERRELAY dut_power_type="12VDC">
			<IP_ADDR> 192.168.2.112 </IP_ADDR>
		</DUT_POWERRELAY>

		<DUT_POWERRELAY dut_power_type="19VDC">
			<IP_ADDR> 192.168.2.113 </IP_ADDR>
		</DUT_POWERRELAY>

		<COMPONENT_POWERRELAY>
			<IP_ADDR> 192.168.2.111 </IP_ADDR>
			<PORTS>
				<WIFI-CLIENTS>1</WIFI-CLIENTS>
			</PORTS>
		</COMPONENT_POWERRELAY>

	</POWERRELAYS>

	<DUT>
		<DUT_DATA_ADDR> 192.168.0.1 </DUT_DATA_ADDR>
		<DUT_MGMT_ADDR> 192.168.0.1 </DUT_MGMT_ADDR>
		<DUT_MGMT_USER> admin </DUT_MGMT_USER>
		<DUT_MGMT_PW> password </DUT_MGMT_PW>
		<WLAN_24G_MAC_OFFSET> 0 </WLAN_24G_MAC_OFFSET>
		<WLAN_5G_MAC_OFFSET> -1 </WLAN_5G_MAC_OFFSET>
		<WLAN_5G_2_MAC_OFFSET> 0 </WLAN_5G_2_MAC_OFFSET>
		<SUFFIX_5G> -5G </SUFFIX_5G>
		<SUFFIX_5G_2> -5G-2 </SUFFIX_5G_2>
		<MAC_OFFSET> -2 </MAC_OFFSET>
		<CM_MAC_OFFSET> 2 </CM_MAC_OFFSET>
		<TELNET_ENABLE_TOOL> None </TELNET_ENABLE_TOOL>
		<TELNET_LOGIN_PROMPT> login: </TELNET_LOGIN_PROMPT>
		<TELNET_PW_PROMPT> Password: </TELNET_PW_PROMPT>
		<TELNET_CMD_PROMPT> # </TELNET_CMD_PROMPT>
		<TELNET_TERMINATION_PROMPT> \n </TELNET_TERMINATION_PROMPT>
	</DUT>

	<WIFI_CLIENT>
		<WIFI_CLIENT_USER> root </WIFI_CLIENT_USER>
		<WIFI_CLIENT_PW> password </WIFI_CLIENT_PW>
	</WIFI_CLIENT>

	<DHCP_SERVER>
		<DHCP_MGMT_ADDR>192.168.15.1</DHCP_MGMT_ADDR>
	</DHCP_SERVER>

	<USB>
		<USB_DRV_GRP>
			<USB_DRV> |ITS3-USB </USB_DRV>
			<USB_DRV> |ITS3-USB </USB_DRV>
		</USB_DRV_GRP>
	</USB>


	<FTP_SERVER>
		<FTP_MGMT_ADDR>10.90.200.10</FTP_MGMT_ADDR>
		<FTP_USER_NAME>ts2wndr</FTP_USER_NAME>
		<FTP_PASSWORD>netgear</FTP_PASSWORD>
		<FTP_SERVER_FILE>
			<SOURCE_FILE>FTPTest.dat</SOURCE_FILE>
		</FTP_SERVER_FILE>
	</FTP_SERVER>

	<DSL_LN_SIMULATOR>
		<TELNET_ADDR>10.16.196.22</TELNET_ADDR>
		<TELNET_USER_NAME>ts2wndr</TELNET_USER_NAME>
		<TELNET_PASSWORD>netgear</TELNET_PASSWORD>
		<DSL_LN_LEN>1000</DSL_LN_LEN>
	</DSL_LN_SIMULATOR>
	<SNMP>
		<PORT_GRP>
			<PORT>161</PORT>
		</PORT_GRP>
		<!--<USERNAME_OID>None</USERNAME_OID>
		<USERNAME_VALUE>None</USERNAME_VALUE>
		<USERNAME_VALUE_TYPE>OctetString</USERNAME_VALUE_TYPE>-->
		<PASSWORD_OID>1.3.6.1.4.1.17084.99.58.0</PASSWORD_OID>
		<!--PASSWORD_VALUE>P@$$w0rd</PASSWORD_VALUE-->
		<PASSWORD_VALUE_TYPE>OctetString</PASSWORD_VALUE_TYPE>
		<!--OctetString|Integer32|Gauge32-->
		<COMMUNITY>private</COMMUNITY>
		<!--private|public-->
		<PROTOCOL_VER>v2c</PROTOCOL_VER>
		<!--v1|v2c-->
	</SNMP>
</TEST_CONFIG>
